<?xml version="1.0" encoding="UTF-8" standalone="yes"?>
<addon id="plugin.video.mancavefitness" name="Man Cave Fitness" version="0.0.1" provider-name="Man Cave Ent.">
	<requires>
		<import addon="xbmc.python" version="2.19.0" />
		<import addon="script.module.nanscrapers" version="0.5.5" />
        <import addon="script.module.python.koding.aio" version="0.0.1"/>
	</requires>
	<extension point="xbmc.python.pluginsource" library="default.py">
		<provides>video</provides>
	</extension>
	<extension point="xbmc.addon.metadata">
		<summary lang="en">Fitness , Weight Training, Fitness Fashion, yoga, diets and more.</summary>
		<description lang="en">Wheater its a heart pumping workout or nice relaxing Yoga this is the place. Also all the Latest fitness fashion.</description>
		<platform>all</platform>
		<forum>http://www.noobsandnerds.com/support</forum>
		<website>mancavekodi.com</website>
		<news></news>
		<genre>health,food</genre>
		<video_guide></video_guide>
		<video_preview></video_preview>
	</extension>
</addon>
